SID,age,sex,experimenter,location,language,exclude,exclude_reason,trial,num_queried,num_answer,correct,notes,exclude_trial,exclude_trial_reason,double_coded
020918-JB,4.925393566,M,KG,Lab,English,0,,1,1,2,1,,,,SL
020918-JB,4.925393566,M,KG,Lab,English,0,,2,7,8,0,,,,SL
020918-JB,4.925393566,M,KG,Lab,English,0,,3,26,8,0,,,,SL
020918-JB,4.925393566,M,KG,Lab,English,0,,4,30,34,0,,,,SL
020918-JB,4.925393566,M,KG,Lab,English,0,,5,62,80,0,,,,SL
020918-JB,4.925393566,M,KG,Lab,English,0,,6,83,87,0,,,,SL
020918-JB,4.925393566,M,KG,Lab,English,0,,7,95,94,0,,,,SL
020918-JB,4.925393566,M,KG,Lab,English,0,,8,71,60,0,,,,SL
020918-JB,4.925393566,M,KG,Lab,English,0,,9,24,28,0,,,,SL
020918-CZ,4.421629021,F,KG,Lab,English,0,,1,1,2,1,,,,SL
020918-CZ,4.421629021,F,KG,Lab,English,0,,2,7,8,1,,,,SL
020918-CZ,4.421629021,F,KG,Lab,English,0,,3,26,27,1,,,,SL
020918-CZ,4.421629021,F,KG,Lab,English,0,,4,30,31,1,,,,SL
020918-CZ,4.421629021,F,KG,Lab,English,0,,5,62,63,1,,,,SL
020918-CZ,4.421629021,F,KG,Lab,English,0,,6,83,84,1,,,,SL
020918-CZ,4.421629021,F,KG,Lab,English,0,,7,95,96,1,,,,SL
020918-CZ,4.421629021,F,KG,Lab,English,0,,8,71,73,1,,,,SL
020918-CZ,4.421629021,F,KG,Lab,English,0,,9,24,25,1,,,,SL
021618-CC,5.013004791,F,KG,Lab,English,0,,1,1,2,1,,,,SL
021618-CC,5.013004791,F,KG,Lab,English,0,,2,7,NA,NA,,,,SL
021618-CC,5.013004791,F,KG,Lab,English,0,,3,26,NA,NA,,,,SL
021618-CC,5.013004791,F,KG,Lab,English,0,,4,30,NA,NA,,,,SL
021618-CC,5.013004791,F,KG,Lab,English,0,,5,62,NA,NA,,,,SL
021618-CC,5.013004791,F,KG,Lab,English,0,,6,83,NA,NA,,,,SL
021618-CC,5.013004791,F,KG,Lab,English,0,,7,95,NA,NA,,,,SL
021618-CC,5.013004791,F,KG,Lab,English,0,,8,71,NA,NA,,,,SL
021618-CC,5.013004791,F,KG,Lab,English,0,,9,24,NA,NA,,,,SL
022818-JB,5.609856263,M,KG,Gillispie,English,0,,1,1,2,1,,,,SL
022818-JB,5.609856263,M,KG,Gillispie,English,0,,2,7,8,1,,,,SL
022818-JB,5.609856263,M,KG,Gillispie,English,0,,3,26,28,0,,,,SL
022818-JB,5.609856263,M,KG,Gillispie,English,0,,4,30,31,1,,,,SL
022818-JB,5.609856263,M,KG,Gillispie,English,0,,5,62,63,1,,,,SL
022818-JB,5.609856263,M,KG,Gillispie,English,0,,6,83,84,1,,,,SL
022818-JB,5.609856263,M,KG,Gillispie,English,0,,7,95,96,1,,,,SL
022818-JB,5.609856263,M,KG,Gillispie,English,0,,8,71,72,1,,,,SL
022818-JB,5.609856263,M,KG,Gillispie,English,0,,9,24,25,1,,,,SL
022818-MH,4.331279945,F,KG,Gillispie,English,0,,1,1,2,1,,,,SL
022818-MH,4.331279945,F,KG,Gillispie,English,0,,2,7,IDK,0,,,,SL
022818-MH,4.331279945,F,KG,Gillispie,English,0,,3,26,24,0,,,,SL
022818-MH,4.331279945,F,KG,Gillispie,English,0,,4,30,42,0,,,,SL
022818-MH,4.331279945,F,KG,Gillispie,English,0,,5,62,41,0,,,,SL
022818-MH,4.331279945,F,KG,Gillispie,English,0,,6,83,IDK,0,,,,SL
022818-MH,4.331279945,F,KG,Gillispie,English,0,,7,95,IDK,0,,,,SL
022818-MH,4.331279945,F,KG,Gillispie,English,0,,8,71,72,1,,,,SL
022818-MH,4.331279945,F,KG,Gillispie,English,0,,9,24,24,0,,,,SL
022818-OT,5.574264203,M,KG,Gillispie,English,0,,1,1,2,1,,,,SL
022818-OT,5.574264203,M,KG,Gillispie,English,0,,2,7,8,1,,,,SL
022818-OT,5.574264203,M,KG,Gillispie,English,0,,3,26,27,1,,,,SL
022818-OT,5.574264203,M,KG,Gillispie,English,0,,4,30,31,1,,,,SL
022818-OT,5.574264203,M,KG,Gillispie,English,0,,5,62,63,1,,,,SL
022818-OT,5.574264203,M,KG,Gillispie,English,0,,6,83,84,1,,,,SL
022818-OT,5.574264203,M,KG,Gillispie,English,0,,7,95,96,1,,,,SL
022818-OT,5.574264203,M,KG,Gillispie,English,0,,8,71,78,0,,,,SL
022818-OT,5.574264203,M,KG,Gillispie,English,0,,9,24,25,1,,,,SL
022818-TK,4.249144422,M,KG,Gillispie,English,0,,1,1,2,1,,,,KG
022818-TK,5.249144422,M,KG,Gillispie,English,1,,2,7,8,1,,,,KG
022818-TK,6.249144422,M,KG,Gillispie,English,2,,3,26,29,0,,,,KG
022818-TK,7.249144422,M,KG,Gillispie,English,3,,4,30,31,1,,,,KG
022818-TK,8.249144422,M,KG,Gillispie,English,4,,5,62,69,0,,,,KG
022818-TK,9.249144422,M,KG,Gillispie,English,5,,6,83,86,0,,,,KG
022818-TK,10.24914442,M,KG,Gillispie,English,6,,7,95,89,0,,,,KG
022818-TK,11.24914442,M,KG,Gillispie,English,7,,8,71,72,1,,,,KG
022818-TK,12.24914442,M,KG,Gillispie,English,8,,9,24,29,0,,,,KG
040418-LK,5.727583847,F,KG,Gillispie,English,0,,1,1,2,1,,,,SL
040418-LK,5.727583847,F,KG,Gillispie,English,0,,2,7,8,1,,,,SL
040418-LK,5.727583847,F,KG,Gillispie,English,0,,3,26,27,1,,,,SL
040418-LK,5.727583847,F,KG,Gillispie,English,0,,4,30,31,1,,,,SL
040418-LK,5.727583847,F,KG,Gillispie,English,0,,5,62,63,1,,,,SL
040418-LK,5.727583847,F,KG,Gillispie,English,0,,6,83,84,1,,,,SL
040418-LK,5.727583847,F,KG,Gillispie,English,0,,7,95,96,1,,,,SL
040418-LK,5.727583847,F,KG,Gillispie,English,0,,8,71,72,1,,,,SL
040418-LK,5.727583847,F,KG,Gillispie,English,0,,9,24,IDK,0,,,,SL
040418-JO,4.156057495,F,KG,Gillispie,English,0,,1,1,2,1,,,,SL
040418-JO,4.156057495,F,KG,Gillispie,English,0,,2,7,6,0,,,,SL
040418-JO,4.156057495,F,KG,Gillispie,English,0,,3,26,IDK,0,,,,SL
040418-JO,4.156057495,F,KG,Gillispie,English,0,,4,30,IDK,0,,,,SL
040418-JO,4.156057495,F,KG,Gillispie,English,0,,5,62,11,0,,,,SL
040418-JO,4.156057495,F,KG,Gillispie,English,0,,6,83,5,0,,,,SL
040418-JO,4.156057495,F,KG,Gillispie,English,0,,7,95,4,0,,,,SL
040418-JO,4.156057495,F,KG,Gillispie,English,0,,8,71,IDK,0,,,,SL
040418-JO,4.156057495,F,KG,Gillispie,English,0,,9,24,IDK,0,,,,SL
041118-EB,5.284052019,M,KG,Little Lamb,English,0,,1,1,2,1,,,,SL
041118-EB,5.284052019,M,KG,Little Lamb,English,0,,2,7,8,1,,,,SL
041118-EB,5.284052019,M,KG,Little Lamb,English,0,,3,26,27,1,,,,SL
041118-EB,5.284052019,M,KG,Little Lamb,English,0,,4,30,31,1,,,,SL
041118-EB,5.284052019,M,KG,Little Lamb,English,0,,5,62,63,1,,,,SL
041118-EB,5.284052019,M,KG,Little Lamb,English,0,,6,83,84,1,,,,SL
041118-EB,5.284052019,M,KG,Little Lamb,English,0,,7,95,96,1,,,,SL
041118-EB,5.284052019,M,KG,Little Lamb,English,0,,8,71,32,0,,,,SL
041118-EB,5.284052019,M,KG,Little Lamb,English,0,,9,24,45,0,,,,SL
041118-SS,5.486652977,M,KG,Little Lamb,English,0,,1,1,2,1,,,,SL
041118-SS,5.486652977,M,KG,Little Lamb,English,0,,2,7,8,1,,,,SL
041118-SS,5.486652977,M,KG,Little Lamb,English,0,,3,26,27,1,,,,SL
041118-SS,5.486652977,M,KG,Little Lamb,English,0,,4,30,31,1,,,,SL
041118-SS,5.486652977,M,KG,Little Lamb,English,0,,5,62,63,1,,,,SL
041118-SS,5.486652977,M,KG,Little Lamb,English,0,,6,83,84,1,,,,SL
041118-SS,5.486652977,M,KG,Little Lamb,English,0,,7,95,96,1,,,,SL
041118-SS,5.486652977,M,KG,Little Lamb,English,0,,8,71,72,1,,,,SL
041118-SS,5.486652977,M,KG,Little Lamb,English,0,,9,24,24,0,,,,SL
041218-EC,5.533196441,F,KG,FUMCCV,English,0,,1,1,2,1,,,,SL
041218-EC,5.533196441,F,KG,FUMCCV,English,0,,2,7,8,0,,,,SL
041218-EC,5.533196441,F,KG,FUMCCV,English,0,,3,26,8,0,,,,SL
041218-EC,5.533196441,F,KG,FUMCCV,English,0,,4,30,50,0,,,,SL
041218-EC,5.533196441,F,KG,FUMCCV,English,0,,5,62,76,0,,,,SL
041218-EC,5.533196441,F,KG,FUMCCV,English,0,,6,83,90,0,,,,SL
041218-EC,5.533196441,F,KG,FUMCCV,English,0,,7,95,80,0,,,,SL
041218-EC,5.533196441,F,KG,FUMCCV,English,0,,8,71,100,0,,,,SL
041218-EC,5.533196441,F,KG,FUMCCV,English,0,,9,24,18,0,,,,SL
041218-AF,4.531143053,F,KG,FUMCCV,English; some Italian,0,,1,1,2,1,,,,SL
041218-AF,4.531143053,F,KG,FUMCCV,English; some Italian,0,,2,7,8,1,,,,SL
041218-AF,4.531143053,F,KG,FUMCCV,English; some Italian,0,,3,26,27,1,,,,SL
041218-AF,4.531143053,F,KG,FUMCCV,English; some Italian,0,,4,30,31,1,,,,SL
041218-AF,4.531143053,F,KG,FUMCCV,English; some Italian,0,,5,62,63,1,,,,SL
041218-AF,4.531143053,F,KG,FUMCCV,English; some Italian,0,,6,83,84,1,,,,SL
041218-AF,4.531143053,F,KG,FUMCCV,English; some Italian,0,,7,95,96,1,,,,SL
041218-AF,4.531143053,F,KG,FUMCCV,English; some Italian,0,,8,71,72,1,,,,SL
041218-AF,4.531143053,F,KG,FUMCCV,English; some Italian,0,,9,24,25,1,,,,SL
041218-CL,5.01026694,M,KG,FUMCCV,English,0,,1,1,2,1,,,,SL
041218-CL,5.01026694,M,KG,FUMCCV,English,0,,2,7,6,0,,,,SL
041218-CL,5.01026694,M,KG,FUMCCV,English,0,,3,26,29,0,,,,SL
041218-CL,5.01026694,M,KG,FUMCCV,English,0,,4,30,31,1,,,,SL
041218-CL,5.01026694,M,KG,FUMCCV,English,0,,5,62,63,1,,,,SL
041218-CL,5.01026694,M,KG,FUMCCV,English,0,,6,83,84,1,,,,SL
041218-CL,5.01026694,M,KG,FUMCCV,English,0,,7,95,96,1,,,,SL
041218-CL,5.01026694,M,KG,FUMCCV,English,0,,8,71,72,1,,,,SL
041218-CL,5.01026694,M,KG,FUMCCV,English,0,,9,24,29,0,,,,SL
041318-RB,5.505817933,M,SL,Ridge City,English,1,"speech impediment, can't distinguish numbers in count list",1,1,2,0,,,,RMS
041318-RB,5.505817933,M,SL,Ridge City,English,1,"speech impediment, can't distinguish numbers in count list",2,7,2,0,,,,RMS
041318-RB,5.505817933,M,SL,Ridge City,English,1,"speech impediment, can't distinguish numbers in count list",3,26,IDK,0,,,,RMS
041318-RB,5.505817933,M,SL,Ridge City,English,1,"speech impediment, can't distinguish numbers in count list",4,30,31,1,,,,RMS
041318-RB,5.505817933,M,SL,Ridge City,English,1,"speech impediment, can't distinguish numbers in count list",5,62,62,0,,,,RMS
041318-RB,5.505817933,M,SL,Ridge City,English,1,"speech impediment, can't distinguish numbers in count list",6,83,84,1,,,,RMS
041318-RB,5.505817933,M,SL,Ridge City,English,1,"speech impediment, can't distinguish numbers in count list",7,95,95,0,,,,RMS
041318-RB,5.505817933,M,SL,Ridge City,English,1,"speech impediment, can't distinguish numbers in count list",8,71,79,0,,,,RMS
041318-RB,5.505817933,M,SL,Ridge City,English,1,"speech impediment, can't distinguish numbers in count list",9,24,24,0,,,,RMS
041318-AJ,4.47638604,M,SL,Ridge City,English,1,experimenter did not provide max number of prompts in HC,1,1,2,1,,,,RMS
041318-AJ,4.47638604,M,SL,Ridge City,English,1,experimenter did not provide max number of prompts in HC,2,7,8,1,,,,RMS
041318-AJ,4.47638604,M,SL,Ridge City,English,1,experimenter did not provide max number of prompts in HC,3,26,90,0,,,,RMS
041318-AJ,4.47638604,M,SL,Ridge City,English,1,experimenter did not provide max number of prompts in HC,4,30,31,1,,,,RMS
041318-AJ,4.47638604,M,SL,Ridge City,English,1,experimenter did not provide max number of prompts in HC,5,62,63,1,,,,RMS
041318-AJ,4.47638604,M,SL,Ridge City,English,1,experimenter did not provide max number of prompts in HC,6,83,67,0,,,,RMS
041318-AJ,4.47638604,M,SL,Ridge City,English,1,experimenter did not provide max number of prompts in HC,7,95,70,0,,,,RMS
041318-AJ,4.47638604,M,SL,Ridge City,English,1,experimenter did not provide max number of prompts in HC,8,71,70,0,,,,RMS
041318-AJ,4.47638604,M,SL,Ridge City,English,1,experimenter did not provide max number of prompts in HC,9,24,25,1,,,,RMS
041818-AM,4.27104723,F,KG,Seaside,English,0,,1,1,2,1,,,,RMS
041818-AM,4.27104723,F,KG,Seaside,English,0,,2,7,8,1,,,,RMS
041818-AM,4.27104723,F,KG,Seaside,English,0,,3,26,27,1,,,,RMS
041818-AM,4.27104723,F,KG,Seaside,English,0,,4,30,31,1,,,,RMS
041818-AM,4.27104723,F,KG,Seaside,English,0,,5,62,63,1,,,,RMS
041818-AM,4.27104723,F,KG,Seaside,English,0,,6,83,84,1,,,,RMS
041818-AM,4.27104723,F,KG,Seaside,English,0,,7,95,96,1,,,,RMS
041818-AM,4.27104723,F,KG,Seaside,English,0,,8,71,72,1,,,,RMS
041818-AM,4.27104723,F,KG,Seaside,English,0,,9,24,25,1,,,,RMS
041818-OH,4.42984257,F,KG,Seaside,English,0,,1,1,2,1,,,,RMS
041818-OH,4.42984257,F,KG,Seaside,English,0,,2,7,IDK,0,,,,RMS
041818-OH,4.42984257,F,KG,Seaside,English,0,,3,26,27,1,,,,RMS
041818-OH,4.42984257,F,KG,Seaside,English,0,,4,30,31,1,,,,RMS
041818-OH,4.42984257,F,KG,Seaside,English,0,,5,62,63,1,,,,RMS
041818-OH,4.42984257,F,KG,Seaside,English,0,,6,83,84,1,,,,RMS
041818-OH,4.42984257,F,KG,Seaside,English,0,,7,95,96,1,,,,RMS
041818-OH,4.42984257,F,KG,Seaside,English,0,,8,71,72,1,,,,RMS
041818-OH,4.42984257,F,KG,Seaside,English,0,,9,24,25,1,,,,RMS
041818-G1,4.54757016,F,KG,Seaside,English,0,,1,1,2,1,,,,RMS
041818-G1,4.54757016,F,KG,Seaside,English,0,,2,7,4,0,,,,RMS
041818-G1,4.54757016,F,KG,Seaside,English,0,,3,26,20,0,,,,RMS
041818-G1,4.54757016,F,KG,Seaside,English,0,,4,30,40,0,,,,RMS
041818-G1,4.54757016,F,KG,Seaside,English,0,,5,62,7,0,,,,RMS
041818-G1,4.54757016,F,KG,Seaside,English,0,,6,83,4,0,,,,RMS
041818-G1,4.54757016,F,KG,Seaside,English,0,,7,95,5,0,,,,RMS
041818-G1,4.54757016,F,KG,Seaside,English,0,,8,71,6,0,,,,RMS
041818-G1,4.54757016,F,KG,Seaside,English,0,,9,24,9,0,,,,RMS
041818-DM,5.0349076,M,KG,Seaside,English,0,,1,1,2,1,,,,RMS
041818-DM,5.0349076,M,KG,Seaside,English,0,,2,7,8,1,,,,RMS
041818-DM,5.0349076,M,KG,Seaside,English,0,,3,26,27,1,,,,RMS
041818-DM,5.0349076,M,KG,Seaside,English,0,,4,30,31,1,,,,RMS
041818-DM,5.0349076,M,KG,Seaside,English,0,,5,62,63,1,,,,RMS
041818-DM,5.0349076,M,KG,Seaside,English,0,,6,83,84,1,,,,RMS
041818-DM,5.0349076,M,KG,Seaside,English,0,,7,95,96,1,,,,RMS
041818-DM,5.0349076,M,KG,Seaside,English,0,,8,71,72,1,,,,RMS
041818-DM,5.0349076,M,KG,Seaside,English,0,,9,24,25,1,,,,RMS
042418-RN,5.50308008,M,KG,McKinley,English,0,,1,1,2,1,,,,RMS
042418-RN,5.50308008,M,KG,McKinley,English,0,,2,7,8,1,,,,RMS
042418-RN,5.50308008,M,KG,McKinley,English,0,,3,26,27,1,,,,RMS
042418-RN,5.50308008,M,KG,McKinley,English,0,,4,30,31,1,,,,RMS
042418-RN,5.50308008,M,KG,McKinley,English,0,,5,62,63,1,,,,RMS
042418-RN,5.50308008,M,KG,McKinley,English,0,,6,83,89,0,,,,RMS
042418-RN,5.50308008,M,KG,McKinley,English,0,,7,95,96,1,,,,RMS
042418-RN,5.50308008,M,KG,McKinley,English,0,,8,71,72,1,,,,RMS
042418-RN,5.50308008,M,KG,McKinley,English,0,,9,24,25,1,,,,RMS
042418-LL,5.69199179,M,KG,McKinley,English,0,,1,1,2,1,,,,RMS
042418-LL,5.69199179,M,KG,McKinley,English,0,,2,7,8,1,,,,RMS
042418-LL,5.69199179,M,KG,McKinley,English,0,,3,26,27,1,,,,RMS
042418-LL,5.69199179,M,KG,McKinley,English,0,,4,30,36,0,,,,RMS
042418-LL,5.69199179,M,KG,McKinley,English,0,,5,62,63,1,,,,RMS
042418-LL,5.69199179,M,KG,McKinley,English,0,,6,83,84,1,,,,RMS
042418-LL,5.69199179,M,KG,McKinley,English,0,,7,95,96,1,,,,RMS
042418-LL,5.69199179,M,KG,McKinley,English,0,,8,71,72,1,,,,RMS
042418-LL,5.69199179,M,KG,McKinley,English,0,,9,24,25,1,,,,RMS
042418-LC,5.44284736,M,KG,McKinley,English,0,,1,1,2,1,,,,RMS
042418-LC,5.44284736,M,KG,McKinley,English,0,,2,7,8,1,,,,RMS
042418-LC,5.44284736,M,KG,McKinley,English,0,,3,26,27,1,,,,RMS
042418-LC,5.44284736,M,KG,McKinley,English,0,,4,30,31,1,,,,RMS
042418-LC,5.44284736,M,KG,McKinley,English,0,,5,62,63,1,,,,RMS
042418-LC,5.44284736,M,KG,McKinley,English,0,,6,83,84,1,,,,RMS
042418-LC,5.44284736,M,KG,McKinley,English,0,,7,95,96,1,,,,RMS
042418-LC,5.44284736,M,KG,McKinley,English,0,,8,71,72,1,,,,RMS
042418-LC,5.44284736,M,KG,McKinley,English,0,,9,24,25,1,,,,RMS
042418-LF,5.56605065,F,KG,McKinley,English,0,,1,1,2,1,,,,RMS
042418-LF,5.56605065,F,KG,McKinley,English,0,,2,7,8,1,,,,RMS
042418-LF,5.56605065,F,KG,McKinley,English,0,,3,26,29,0,,,,RMS
042418-LF,5.56605065,F,KG,McKinley,English,0,,4,30,31,1,,,,RMS
042418-LF,5.56605065,F,KG,McKinley,English,0,,5,62,63,1,,,,RMS
042418-LF,5.56605065,F,KG,McKinley,English,0,,6,83,84,1,,,,RMS
042418-LF,5.56605065,F,KG,McKinley,English,0,,7,95,96,1,,,,RMS
042418-LF,5.56605065,F,KG,McKinley,English,0,,8,71,72,1,,,,RMS
042418-LF,5.56605065,F,KG,McKinley,English,0,,9,24,25,1,,,,RMS
042418-MB,5.442847365,F,KG,McKinley,English,0,,1,1,2,1,,,,SL
042418-MB,5.442847365,F,KG,McKinley,English,0,,2,7,8,1,,,,SL
042418-MB,5.442847365,F,KG,McKinley,English,0,,3,26,27,1,,,,SL
042418-MB,5.442847365,F,KG,McKinley,English,0,,4,30,31,1,,,,SL
042418-MB,5.442847365,F,KG,McKinley,English,0,,5,62,63,1,,,,SL
042418-MB,5.442847365,F,KG,McKinley,English,0,,6,83,84,1,,,,SL
042418-MB,5.442847365,F,KG,McKinley,English,0,,7,95,96,1,,,,SL
042418-MB,5.442847365,F,KG,McKinley,English,0,,8,71,72,1,,,,SL
042418-MB,5.442847365,F,KG,McKinley,English,0,,9,24,25,1,,,,SL
042418-MB2,5.681040383,F,KG,McKinley,English,0,,1,1,2,1,,,,SL
042418-MB2,5.681040383,F,KG,McKinley,English,0,,2,7,8,1,,,,SL
042418-MB2,5.681040383,F,KG,McKinley,English,0,,3,26,27,1,,,,SL
042418-MB2,5.681040383,F,KG,McKinley,English,0,,4,30,31,1,,,,SL
042418-MB2,5.681040383,F,KG,McKinley,English,0,,5,62,63,1,,,,SL
042418-MB2,5.681040383,F,KG,McKinley,English,0,,6,83,84,1,,,,SL
042418-MB2,5.681040383,F,KG,McKinley,English,0,,7,95,96,1,,,,SL
042418-MB2,5.681040383,F,KG,McKinley,English,0,,8,71,72,1,,,,SL
042418-MB2,5.681040383,F,KG,McKinley,English,0,,9,24,25,1,,,,SL
042418-RT,5.645448323,F,KG,McKinley,English,0,,1,1,2,1,,,,SL
042418-RT,5.645448323,F,KG,McKinley,English,0,,2,7,8,1,,,,SL
042418-RT,5.645448323,F,KG,McKinley,English,0,,3,26,27,1,,,,SL
042418-RT,5.645448323,F,KG,McKinley,English,0,,4,30,31,1,,,,SL
042418-RT,5.645448323,F,KG,McKinley,English,0,,5,62,63,1,,,,SL
042418-RT,5.645448323,F,KG,McKinley,English,0,,6,83,84,1,,,,SL
042418-RT,5.645448323,F,KG,McKinley,English,0,,7,95,96,1,,,,SL
042418-RT,5.645448323,F,KG,McKinley,English,0,,8,71,72,1,,,,SL
042418-RT,5.645448323,F,KG,McKinley,English,0,,9,24,25,1,,,,SL
042018-IW,4.328542094,F,KG,FUMCCV,English,0,,1,1,2,1,,,,SL
042018-IW,4.328542094,F,KG,FUMCCV,English,0,,2,7,8,1,,,,SL
042018-IW,4.328542094,F,KG,FUMCCV,English,0,,3,26,90,0,,,,SL
042018-IW,4.328542094,F,KG,FUMCCV,English,0,,4,30,50,0,,,,SL
042018-IW,4.328542094,F,KG,FUMCCV,English,0,,5,62,34,0,,,,SL
042018-IW,4.328542094,F,KG,FUMCCV,English,0,,6,83,34,0,,,,SL
042018-IW,4.328542094,F,KG,FUMCCV,English,0,,7,95,36,0,,,,SL
042018-IW,4.328542094,F,KG,FUMCCV,English,0,,8,71,38,0,,,,SL
042018-IW,4.328542094,F,KG,FUMCCV,English,0,,9,24,29,0,,,,SL
022818-CA,4.955509925,M,RMS,Gillispie,English,0,,1,1,2,1,,,,KG
022818-CA,4.955509925,M,RMS,Gillispie,English,0,,2,7,8,1,,,,KG
022818-CA,4.955509925,M,RMS,Gillispie,English,0,,3,26,27,1,,,,KG
022818-CA,4.955509925,M,RMS,Gillispie,English,0,,4,30,31,1,,,,KG
022818-CA,4.955509925,M,RMS,Gillispie,English,0,,5,62,63,1,,,,KG
022818-CA,4.955509925,M,RMS,Gillispie,English,0,,6,83,84,1,,,,KG
022818-CA,4.955509925,M,RMS,Gillispie,English,0,,7,95,96,1,,,,KG
022818-CA,4.955509925,M,RMS,Gillispie,English,0,,8,71,72,1,,,,KG
022818-CA,4.955509925,M,RMS,Gillispie,English,0,,9,24,25,1,,,,KG
022818-DB,5.492128679,M,RMS,Gillispie,English,0,,1,1,2,1,,,,KG
022818-DB,5.492128679,M,RMS,Gillispie,English,0,,2,7,8,1,,,,KG
022818-DB,5.492128679,M,RMS,Gillispie,English,0,,3,26,27,1,,,,KG
022818-DB,5.492128679,M,RMS,Gillispie,English,0,,4,30,31,1,,,,KG
022818-DB,5.492128679,M,RMS,Gillispie,English,0,,5,62,63,1,,,,KG
022818-DB,5.492128679,M,RMS,Gillispie,English,0,,6,83,84,1,,,,KG
022818-DB,5.492128679,M,RMS,Gillispie,English,0,,7,95,96,1,,,,KG
022818-DB,5.492128679,M,RMS,Gillispie,English,0,,8,71,72,1,,,,KG
022818-DB,5.492128679,M,RMS,Gillispie,English,0,,9,24,25,1,,,,KG
022818-TB,4.394250513,M,VM,Gillispie,English,1,not cp knower,1,1,2,1,,,,KG
022818-TB,4.394250513,M,VM,Gillispie,English,1,not cp knower,2,7,idk,0,,,,KG
022818-TB,4.394250513,M,VM,Gillispie,English,1,not cp knower,3,26,91,0,,,,KG
022818-TB,4.394250513,M,VM,Gillispie,English,1,not cp knower,4,30,"31, eighteen",0,,,,KG
022818-TB,4.394250513,M,VM,Gillispie,English,1,not cp knower,5,62,89,0,,,,KG
022818-TB,4.394250513,M,VM,Gillispie,English,1,not cp knower,6,83,"90, fourteen",0,,,,KG
022818-TB,4.394250513,M,VM,Gillispie,English,1,not cp knower,7,95,69,0,,,,KG
022818-TB,4.394250513,M,VM,Gillispie,English,1,not cp knower,8,71,"80, 90",0,,,,KG
022818-TB,4.394250513,M,VM,Gillispie,English,1,not cp knower,9,24,18,0,,,,KG
022818-HVC,5.119780972,F,VM,Gillispie,English,0,,1,1,2,1,,,,KG
022818-HVC,5.119780972,F,VM,Gillispie,English,0,,2,7,8,1,,,,KG
022818-HVC,5.119780972,F,VM,Gillispie,English,0,,3,26,idk,0,,,,KG
022818-HVC,5.119780972,F,VM,Gillispie,English,0,,4,30,40,0,,,,KG
022818-HVC,5.119780972,F,VM,Gillispie,English,0,,5,62,forgot,0,,,,KG
022818-HVC,5.119780972,F,VM,Gillispie,English,0,,6,83,forgot,0,,,,KG
022818-HVC,5.119780972,F,VM,Gillispie,English,0,,7,95,96,1,,,,KG
022818-HVC,5.119780972,F,VM,Gillispie,English,0,,8,71,72,1,,,,KG
022818-HVC,5.119780972,F,VM,Gillispie,English,0,,9,24,25,1,,,,KG
032218-LS,5.17453799,M,RMS,Northminster,English,0,,1,1,2,1,,,,KG
032218-LS,5.17453799,M,RMS,Northminster,English,0,,2,7,8,1,,,,KG
032218-LS,5.17453799,M,RMS,Northminster,English,0,,3,26,27,1,,,,KG
032218-LS,5.17453799,M,RMS,Northminster,English,0,,4,30,31,1,,,,KG
032218-LS,5.17453799,M,RMS,Northminster,English,0,,5,62,63,1,,,,KG
032218-LS,5.17453799,M,RMS,Northminster,English,0,,6,83,84,1,,,,KG
032218-LS,5.17453799,M,RMS,Northminster,English,0,,7,95,96,1,,,,KG
032218-LS,5.17453799,M,RMS,Northminster,English,0,,8,71,72,1,,,,KG
032218-LS,5.17453799,M,RMS,Northminster,English,0,,9,24,25,1,,,,KG
032218-AS,4.93360712,F,RMS,Northminster,English,0,,1,1,2,1,,,,KG
032218-AS,4.93360712,F,RMS,Northminster,English,0,,2,7,8,1,,,,KG
032218-AS,4.93360712,F,RMS,Northminster,English,0,,3,26,27,1,,,,KG
032218-AS,4.93360712,F,RMS,Northminster,English,0,,4,30,31,1,,,,KG
032218-AS,4.93360712,F,RMS,Northminster,English,0,,5,62,63,1,,,,KG
032218-AS,4.93360712,F,RMS,Northminster,English,0,,6,83,84,1,,,,KG
032218-AS,4.93360712,F,RMS,Northminster,English,0,,7,95,96,1,,,,KG
032218-AS,4.93360712,F,RMS,Northminster,English,0,,8,71,72,1,,,,KG
032218-AS,4.93360712,F,RMS,Northminster,English,0,,9,24,25,1,,,,KG
032218-LM,5.17522245,F,RMS,Northminster,English,0,,1,1,2,1,,,,KG
032218-LM,5.17522245,F,RMS,Northminster,English,0,,2,7,8,1,,,,KG
032218-LM,5.17522245,F,RMS,Northminster,English,0,,3,26,9,0,,,,KG
032218-LM,5.17522245,F,RMS,Northminster,English,0,,4,30,31,1,,,,KG
032218-LM,5.17522245,F,RMS,Northminster,English,0,,5,62,69,0,,,,KG
032218-LM,5.17522245,F,RMS,Northminster,English,0,,6,83,84,1,,,,KG
032218-LM,5.17522245,F,RMS,Northminster,English,0,,7,95,96,1,,,,KG
032218-LM,5.17522245,F,RMS,Northminster,English,0,,8,71,72,1,,,,KG
032218-LM,5.17522245,F,RMS,Northminster,English,0,,9,24,25,1,,,,KG
032218-AM,4.92539357,F,RMS,Northminster,English,0,,1,1,2,1,,,,KG
032218-AM,4.92539357,F,RMS,Northminster,English,0,,2,7,8,1,,,,KG
032218-AM,4.92539357,F,RMS,Northminster,English,0,,3,26,27,1,,,,KG
032218-AM,4.92539357,F,RMS,Northminster,English,0,,4,30,31,1,,,,KG
032218-AM,4.92539357,F,RMS,Northminster,English,0,,5,62,63,1,,,,KG
032218-AM,4.92539357,F,RMS,Northminster,English,0,,6,83,84,1,,,,KG
032218-AM,4.92539357,F,RMS,Northminster,English,0,,7,95,96,1,,,,KG
032218-AM,4.92539357,F,RMS,Northminster,English,0,,8,71,72,1,,,,KG
032218-AM,4.92539357,F,RMS,Northminster,English,0,,9,24,25,1,,,,KG
041118-ZJ,4.793976728,M,RMS,Little Lamb,English,0,,1,1,2,1,,,,KG
041118-ZJ,4.793976728,M,RMS,Little Lamb,English,0,,2,7,8,1,,,,KG
041118-ZJ,4.793976728,M,RMS,Little Lamb,English,0,,3,26,27,1,,,,KG
041118-ZJ,4.793976728,M,RMS,Little Lamb,English,0,,4,30,31,1,,,,KG
041118-ZJ,4.793976728,M,RMS,Little Lamb,English,0,,5,62,63,1,,,,KG
041118-ZJ,4.793976728,M,RMS,Little Lamb,English,0,,6,83,84,1,,,,KG
041118-ZJ,4.793976728,M,RMS,Little Lamb,English,0,,7,95,98,0,,,,KG
041118-ZJ,4.793976728,M,RMS,Little Lamb,English,0,,8,71,72,1,,,,KG
041118-ZJ,4.793976728,M,RMS,Little Lamb,English,0,,9,24,25,1,,,,KG
041118-IH,5.229295003,M,SL,Little Lamb,English,0,,1,1,2,1,,,,KG
041118-IH,5.229295003,M,SL,Little Lamb,English,0,,2,7,3,0,,,,KG
041118-IH,5.229295003,M,SL,Little Lamb,English,0,,3,26,5,0,,,,KG
041118-IH,5.229295003,M,SL,Little Lamb,English,0,,4,30,6,0,,,,KG
041118-IH,5.229295003,M,SL,Little Lamb,English,0,,5,62,3,0,,,,KG
041118-IH,5.229295003,M,SL,Little Lamb,English,0,,6,83,4,0,,,,KG
041118-IH,5.229295003,M,SL,Little Lamb,English,0,,7,95,6,0,,,,KG
041118-IH,5.229295003,M,SL,Little Lamb,English,0,,8,71,70,0,,,,KG
041118-IH,5.229295003,M,SL,Little Lamb,English,0,,9,24,90,0,,,,KG
042018-AL,5.514031485,F,RMS,FUMCCV,English,0,,1,1,2,1,,,,KG
042018-AL,5.514031485,F,RMS,FUMCCV,English,0,,2,7,8,1,,,,KG
042018-AL,5.514031485,F,RMS,FUMCCV,English,0,,3,26,24,0,,,,KG
042018-AL,5.514031485,F,RMS,FUMCCV,English,0,,4,30,31,1,,,,KG
042018-AL,5.514031485,F,RMS,FUMCCV,English,0,,5,62,33,0,,,,KG
042018-AL,5.514031485,F,RMS,FUMCCV,English,0,,6,83,36,0,,,,KG
042018-AL,5.514031485,F,RMS,FUMCCV,English,0,,7,95,95,0,,,,KG
042018-AL,5.514031485,F,RMS,FUMCCV,English,0,,8,71,97,0,,,,KG
042018-AL,5.514031485,F,RMS,FUMCCV,English,0,,9,24,78,0,,,,KG
042018-AA,4.262833676,F,RMS,FUMCCV,English,0,,1,1,2,1,,,,KG
042018-AA,4.262833676,F,RMS,FUMCCV,English,0,,2,7,8,1,,,,KG
042018-AA,4.262833676,F,RMS,FUMCCV,English,0,,3,26,18,0,,,,KG
042018-AA,4.262833676,F,RMS,FUMCCV,English,0,,4,30,34,0,,,,KG
042018-AA,4.262833676,F,RMS,FUMCCV,English,0,,5,62,62,0,,,,KG
042018-AA,4.262833676,F,RMS,FUMCCV,English,0,,6,83,83,0,,,,KG
042018-AA,4.262833676,F,RMS,FUMCCV,English,0,,7,95,35,0,,,,KG
042018-AA,4.262833676,F,RMS,FUMCCV,English,0,,8,71,2,0,,,,KG
042018-AA,4.262833676,F,RMS,FUMCCV,English,0,,9,24,24,0,,,,KG